{
  "timestamp": "2026-02-23 01:22:54",
  "models": {
    "distilbart-cnn-12-6": {
      "ROUGE-1": {
        "score": 0.5336,
        "percentage": 53.36,
        "details": {
          "scores": [
            0.6024096385542169,
            0.3666666666666667,
            0.631578947368421
          ],
          "avg_time": 6.472872336705525
        }
      },
      "ROUGE-2": {
        "score": 0.2636,
        "percentage": 26.36,
        "details": {
          "scores": [
            0.32098765432098764,
            0.1724137931034483,
            0.2972972972972973
          ]
        }
      },
      "ROUGE-L": {
        "score": 0.3842,
        "percentage": 38.42,
        "details": {
          "scores": [
            0.45783132530120474,
            0.3,
            0.3947368421052631
          ]
        }
      }
    },
    "all-MiniLM-L6-v2": {
      "Precision": {
        "score": 0.5769,
        "percentage": 57.69,
        "details": {
          "scores": [
            0.5,
            0.6153846153846154,
            0.6153846153846154
          ],
          "avg_time": 1.7746185461680095
        }
      },
      "Recall": {
        "score": 0.8843,
        "percentage": 88.43,
        "details": {
          "scores": [
            0.875,
            0.8888888888888888,
            0.8888888888888888
          ]
        }
      },
      "F1-Score": {
        "score": 0.697,
        "percentage": 69.7,
        "details": {
          "scores": [
            0.6363636363636364,
            0.7272727272727274,
            0.7272727272727274
          ]
        }
      }
    }
  }
}