{
  "timestamp": "2026-03-13 18:29:45",
  "models": {
    "distilbart-cnn-12-6": {
      "ROUGE-1": {
        "score": 0.5609,
        "percentage": 56.09,
        "details": {
          "scores": [
            0.4313725490196078,
            0.7058823529411765,
            0.5454545454545454
          ],
          "avg_time": 0.5454639593760172
        }
      },
      "ROUGE-2": {
        "score": 0.2806,
        "percentage": 28.06,
        "details": {
          "scores": [
            0.2857142857142857,
            0.3673469387755102,
            0.1886792452830189
          ]
        }
      },
      "ROUGE-L": {
        "score": 0.4471,
        "percentage": 44.71,
        "details": {
          "scores": [
            0.3137254901960784,
            0.6274509803921569,
            0.4
          ]
        }
      }
    },
    "all-MiniLM-L6-v2": {
      "Precision": {
        "score": 0.6111,
        "percentage": 61.11,
        "details": {
          "scores": [
            0.5,
            0.6666666666666666,
            0.6666666666666666
          ],
          "avg_time": 0.434001366297404
        }
      },
      "Recall": {
        "score": 0.6435,
        "percentage": 64.35,
        "details": {
          "scores": [
            0.375,
            0.8888888888888888,
            0.6666666666666666
          ]
        }
      },
      "F1-Score": {
        "score": 0.619,
        "percentage": 61.9,
        "details": {
          "scores": [
            0.42857142857142855,
            0.761904761904762,
            0.6666666666666666
          ]
        }
      }
    }
  }
}