{
  "timestamp": "2026-02-25 20:57:34",
  "models": {
    "distilbart-cnn-12-6": {
      "ROUGE-1": {
        "score": 0.5609,
        "percentage": 56.09,
        "details": {
          "scores": [
            0.4313725490196078,
            0.7058823529411765,
            0.5454545454545454
          ],
          "avg_time": 0.29459500312805176
        }
      },
      "ROUGE-2": {
        "score": 0.2806,
        "percentage": 28.06,
        "details": {
          "scores": [
            0.2857142857142857,
            0.3673469387755102,
            0.1886792452830189
          ]
        }
      },
      "ROUGE-L": {
        "score": 0.4471,
        "percentage": 44.71,
        "details": {
          "scores": [
            0.3137254901960784,
            0.6274509803921569,
            0.4
          ]
        }
      }
    },
    "all-MiniLM-L6-v2": {
      "Precision": {
        "score": 0.6389,
        "percentage": 63.89,
        "details": {
          "scores": [
            0.5833333333333334,
            0.6666666666666666,
            0.6666666666666666
          ],
          "avg_time": 0.3000457286834717
        }
      },
      "Recall": {
        "score": 0.8843,
        "percentage": 88.43,
        "details": {
          "scores": [
            0.875,
            0.8888888888888888,
            0.8888888888888888
          ]
        }
      },
      "F1-Score": {
        "score": 0.7413,
        "percentage": 74.13,
        "details": {
          "scores": [
            0.7000000000000001,
            0.761904761904762,
            0.761904761904762
          ]
        }
      }
    }
  }
}